Timestamp,Predicted Age Range,Predicted Gender,Status
2025-04-14 01:43:50,50-60,Male,Allowed
2025-04-14 01:43:50,50-60,Male,Allowed
2025-04-14 01:43:50,50-60,Male,Allowed
2025-04-14 01:43:50,30-39,Male,Allowed
2025-04-14 01:43:50,50-60,Male,Allowed
2025-04-14 01:43:50,50-60,Male,Allowed
2025-04-14 01:43:51,50-60,Male,Allowed
2025-04-14 01:43:51,50-60,Male,Allowed
2025-04-14 01:43:51,30-39,Male,Allowed
2025-04-14 01:43:51,50-60,Male,Allowed
2025-04-14 01:43:51,50-60,Male,Allowed
2025-04-14 01:43:51,30-39,Male,Allowed
2025-04-14 01:43:51,30-39,Male,Allowed
2025-04-14 01:43:51,30-39,Male,Allowed
2025-04-14 01:43:52,30-39,Male,Allowed
2025-04-14 01:43:52,30-39,Male,Allowed
2025-04-14 01:43:52,30-39,Male,Allowed
2025-04-14 01:43:52,30-39,Male,Allowed
2025-04-14 01:43:52,30-39,Male,Allowed
2025-04-14 01:43:52,30-39,Male,Allowed
2025-04-14 01:43:52,30-39,Male,Allowed
2025-04-14 01:43:53,30-39,Male,Allowed
2025-04-14 01:43:53,30-39,Male,Allowed
2025-04-14 01:43:53,30-39,Male,Allowed
2025-04-14 01:43:53,50-60,Male,Allowed
2025-04-14 01:43:53,50-60,Male,Allowed
2025-04-14 01:43:53,50-60,Male,Allowed
2025-04-14 01:43:53,50-60,Male,Allowed
2025-04-14 01:43:54,50-60,Male,Allowed
2025-04-14 01:43:54,50-60,Male,Allowed
2025-04-14 01:43:54,50-60,Male,Allowed
2025-04-14 01:43:54,50-60,Male,Allowed
2025-04-14 01:43:54,13-19,Male,Allowed
2025-04-14 01:43:54,50-60,Male,Allowed
2025-04-14 01:43:54,61+,Male,Not Allowed
2025-04-14 01:43:55,61+,Male,Not Allowed
2025-04-14 01:43:55,50-60,Male,Allowed
2025-04-14 01:43:55,30-39,Male,Allowed
2025-04-14 01:43:55,30-39,Male,Allowed
2025-04-14 01:43:55,30-39,Male,Allowed
2025-04-14 01:43:55,30-39,Male,Allowed
2025-04-14 01:43:56,30-39,Male,Allowed
2025-04-14 01:43:56,30-39,Male,Allowed
2025-04-14 01:43:56,30-39,Male,Allowed
2025-04-14 01:43:56,30-39,Male,Allowed
2025-04-14 01:43:56,30-39,Male,Allowed
2025-04-14 01:43:56,30-39,Male,Allowed
2025-04-14 01:43:56,30-39,Male,Allowed
2025-04-14 01:43:56,30-39,Male,Allowed
2025-04-14 01:43:57,30-39,Male,Allowed
2025-04-14 01:43:57,30-39,Male,Allowed
2025-04-14 01:43:57,30-39,Male,Allowed
2025-04-14 01:43:57,30-39,Male,Allowed
2025-04-14 01:43:57,50-60,Male,Allowed
2025-04-14 01:43:57,30-39,Male,Allowed
2025-04-14 01:43:57,40-49,Male,Allowed
2025-04-14 01:43:58,40-49,Male,Allowed
2025-04-14 01:43:58,50-60,Male,Allowed
2025-04-14 01:43:58,50-60,Male,Allowed
2025-04-14 01:43:58,50-60,Male,Allowed
2025-04-14 01:43:58,50-60,Male,Allowed
2025-04-14 01:43:58,50-60,Male,Allowed
2025-04-14 01:43:58,40-49,Male,Allowed
2025-04-14 01:43:59,50-60,Male,Allowed
2025-04-14 01:43:59,30-39,Male,Allowed
2025-04-14 01:43:59,30-39,Male,Allowed
2025-04-14 01:43:59,30-39,Male,Allowed
2025-04-14 01:43:59,30-39,Male,Allowed
2025-04-14 01:43:59,30-39,Male,Allowed
2025-04-14 01:43:59,30-39,Male,Allowed
2025-04-14 01:44:00,30-39,Male,Allowed
2025-04-14 01:44:00,50-60,Male,Allowed
2025-04-14 01:44:00,40-49,Male,Allowed
2025-04-14 01:44:00,30-39,Male,Allowed
2025-04-14 01:44:00,40-49,Male,Allowed
2025-04-14 01:44:00,20-29,Male,Allowed
2025-04-14 01:44:00,20-29,Male,Allowed
2025-04-14 01:44:01,20-29,Male,Allowed
2025-04-14 01:44:01,50-60,Male,Allowed
2025-04-14 01:44:01,20-29,Female,Allowed
2025-04-14 01:44:01,50-60,Male,Allowed
2025-04-14 01:44:01,30-39,Male,Allowed
2025-04-14 01:44:01,0-12,Male,Not Allowed
2025-04-14 01:44:01,0-12,Female,Not Allowed
2025-04-14 01:44:01,30-39,Female,Allowed
2025-04-14 01:44:02,30-39,Male,Allowed
2025-04-14 01:44:02,30-39,Male,Allowed
2025-04-14 01:44:02,30-39,Male,Allowed
2025-04-14 01:44:02,30-39,Male,Allowed
2025-04-14 01:44:02,30-39,Male,Allowed
2025-04-14 01:44:02,50-60,Male,Allowed
2025-04-14 01:44:02,30-39,Male,Allowed
2025-04-14 01:44:03,30-39,Male,Allowed
2025-04-14 01:44:03,30-39,Male,Allowed
2025-04-14 01:44:03,30-39,Male,Allowed
2025-04-14 01:44:03,30-39,Female,Allowed
2025-04-14 01:44:03,20-29,Female,Allowed
2025-04-14 01:44:03,20-29,Male,Allowed
2025-04-14 01:44:03,30-39,Female,Allowed
2025-04-14 01:44:04,50-60,Male,Allowed
2025-04-14 01:44:04,20-29,Male,Allowed
2025-04-14 01:44:04,20-29,Male,Allowed
2025-04-14 01:44:04,30-39,Male,Allowed
2025-04-14 01:44:04,30-39,Female,Allowed
2025-04-14 01:44:04,50-60,Female,Allowed
2025-04-14 01:44:04,30-39,Female,Allowed
2025-04-14 01:44:05,30-39,Female,Allowed
2025-04-14 01:44:05,30-39,Male,Allowed
2025-04-14 01:44:05,30-39,Female,Allowed
2025-04-14 01:44:05,20-29,Male,Allowed
2025-04-14 01:44:05,30-39,Male,Allowed
2025-04-14 01:44:05,30-39,Male,Allowed
2025-04-14 01:44:05,30-39,Female,Allowed
2025-04-14 01:44:06,0-12,Male,Not Allowed
2025-04-14 01:44:06,20-29,Male,Allowed
2025-04-14 01:44:06,20-29,Female,Allowed
2025-04-14 01:44:06,50-60,Male,Allowed
2025-04-14 01:44:06,20-29,Male,Allowed
2025-04-14 01:44:06,30-39,Male,Allowed
2025-04-14 01:44:06,20-29,Male,Allowed
2025-04-14 01:44:07,30-39,Male,Allowed
2025-04-14 01:44:07,30-39,Male,Allowed
2025-04-14 01:44:07,30-39,Male,Allowed
2025-04-14 01:44:07,30-39,Male,Allowed
2025-04-14 01:44:07,50-60,Male,Allowed
2025-04-14 01:44:07,20-29,Male,Allowed
2025-04-14 01:44:07,30-39,Male,Allowed
2025-04-14 01:44:08,30-39,Male,Allowed
2025-04-14 01:44:08,30-39,Male,Allowed
2025-04-14 01:44:08,30-39,Male,Allowed
2025-04-14 01:44:08,30-39,Female,Allowed
2025-04-14 01:44:08,30-39,Male,Allowed
2025-04-14 01:44:08,30-39,Male,Allowed
2025-04-14 01:44:08,30-39,Male,Allowed
2025-04-14 01:44:09,30-39,Male,Allowed
2025-04-14 01:44:09,30-39,Male,Allowed
2025-04-14 01:44:09,30-39,Male,Allowed
2025-04-14 01:44:09,30-39,Male,Allowed
2025-04-14 01:44:09,30-39,Male,Allowed
2025-04-14 01:44:09,30-39,Male,Allowed
2025-04-14 01:44:09,30-39,Male,Allowed
2025-04-14 01:44:10,30-39,Male,Allowed
2025-04-14 01:44:10,40-49,Male,Allowed
2025-04-14 01:44:10,30-39,Male,Allowed
2025-04-14 01:44:10,50-60,Male,Allowed
2025-04-14 01:44:10,50-60,Male,Allowed
2025-04-14 01:44:10,40-49,Male,Allowed
2025-04-14 01:44:10,20-29,Male,Allowed
2025-04-14 01:44:11,20-29,Male,Allowed
2025-04-14 01:44:11,20-29,Male,Allowed
2025-04-14 01:44:11,30-39,Male,Allowed
2025-04-14 01:44:11,30-39,Male,Allowed
2025-04-14 01:44:11,30-39,Male,Allowed
2025-04-14 01:44:11,30-39,Male,Allowed
2025-04-14 01:44:11,30-39,Male,Allowed
2025-04-14 01:44:12,30-39,Male,Allowed
2025-04-14 01:44:12,50-60,Male,Allowed
2025-04-14 01:44:12,20-29,Male,Allowed
2025-04-14 01:44:12,30-39,Male,Allowed
2025-04-14 01:44:12,30-39,Male,Allowed
2025-04-14 01:44:12,30-39,Male,Allowed
2025-04-14 01:44:12,30-39,Male,Allowed
2025-04-14 01:44:13,30-39,Male,Allowed
2025-04-14 01:44:13,30-39,Male,Allowed
2025-04-14 01:44:13,30-39,Male,Allowed
2025-04-14 01:44:13,30-39,Male,Allowed
2025-04-14 01:44:13,30-39,Male,Allowed
2025-04-14 01:44:13,30-39,Male,Allowed
2025-04-14 01:44:13,30-39,Male,Allowed
2025-04-14 01:44:14,30-39,Male,Allowed
2025-04-14 01:44:14,30-39,Male,Allowed
2025-04-14 01:44:14,30-39,Male,Allowed
2025-04-14 01:44:14,30-39,Male,Allowed
2025-04-14 01:44:14,30-39,Male,Allowed
2025-04-14 01:44:14,30-39,Male,Allowed
2025-04-14 01:44:14,30-39,Male,Allowed
2025-04-14 01:44:15,30-39,Male,Allowed
2025-04-14 01:44:15,30-39,Male,Allowed
2025-04-14 01:44:15,20-29,Male,Allowed
2025-04-14 01:44:16,50-60,Male,Allowed
2025-04-14 01:44:16,50-60,Male,Allowed
2025-04-14 01:44:16,50-60,Male,Allowed
2025-04-14 01:44:17,50-60,Male,Allowed
2025-04-14 01:44:23,30-39,Male,Allowed
2025-04-14 01:44:23,30-39,Male,Allowed
2025-04-14 01:44:23,40-49,Male,Allowed
2025-04-14 01:44:23,40-49,Male,Allowed
2025-04-14 01:44:23,50-60,Male,Allowed
2025-04-14 01:44:23,50-60,Male,Allowed
2025-04-14 01:44:24,20-29,Male,Allowed
2025-04-14 01:44:24,0-12,Male,Not Allowed
2025-04-14 01:44:24,30-39,Male,Allowed
2025-04-14 01:44:25,30-39,Male,Allowed
2025-04-14 01:44:25,30-39,Male,Allowed
2025-04-14 01:44:25,30-39,Male,Allowed
2025-04-14 01:44:25,30-39,Male,Allowed
2025-04-14 01:44:25,30-39,Male,Allowed
2025-04-14 01:44:25,30-39,Male,Allowed
2025-04-14 01:44:25,0-12,Male,Not Allowed
2025-04-14 01:44:26,0-12,Male,Not Allowed
2025-04-14 01:44:27,20-29,Female,Allowed
2025-04-14 01:44:28,20-29,Male,Allowed
2025-04-14 01:44:28,20-29,Male,Allowed
2025-04-14 01:44:28,20-29,Male,Allowed
2025-04-14 01:44:29,40-49,Male,Allowed
2025-04-14 01:44:29,30-39,Male,Allowed
2025-04-14 01:44:29,30-39,Male,Allowed
2025-04-14 01:44:29,30-39,Male,Allowed
2025-04-14 01:44:29,30-39,Male,Allowed
2025-04-14 01:44:29,20-29,Male,Allowed
2025-04-14 01:44:29,50-60,Male,Allowed
2025-04-14 01:44:30,50-60,Male,Allowed
2025-04-14 01:44:31,30-39,Male,Allowed
2025-04-14 01:44:31,30-39,Male,Allowed
2025-04-14 01:44:31,50-60,Male,Allowed
2025-04-14 01:44:31,50-60,Male,Allowed
2025-04-14 01:44:31,50-60,Male,Allowed
2025-04-14 01:44:31,50-60,Male,Allowed
2025-04-14 01:44:32,50-60,Male,Allowed
2025-04-14 01:44:32,50-60,Male,Allowed
2025-04-14 01:44:32,50-60,Male,Allowed
2025-04-14 01:44:32,50-60,Male,Allowed
2025-04-14 01:44:32,50-60,Male,Allowed
2025-04-14 01:44:32,50-60,Male,Allowed
2025-04-14 01:44:33,50-60,Male,Allowed
2025-04-14 01:44:33,50-60,Male,Allowed
2025-04-14 01:44:33,50-60,Male,Allowed
2025-04-14 01:44:33,50-60,Male,Allowed
2025-04-14 01:44:33,50-60,Male,Allowed
2025-04-14 01:44:33,50-60,Male,Allowed
2025-04-14 01:44:33,50-60,Male,Allowed
2025-04-14 01:44:34,50-60,Male,Allowed
2025-04-14 01:44:34,61+,Male,Not Allowed
2025-04-14 01:44:34,61+,Male,Not Allowed
2025-04-14 01:44:34,50-60,Male,Allowed
2025-04-14 01:44:35,13-19,Male,Allowed
2025-04-14 01:44:35,50-60,Male,Allowed
2025-04-14 01:44:35,0-12,Male,Not Allowed
2025-04-14 01:44:35,50-60,Male,Allowed
2025-04-14 01:44:35,20-29,Female,Allowed
2025-04-14 01:44:36,13-19,Male,Allowed
2025-04-14 01:44:36,50-60,Male,Allowed
2025-04-14 01:44:36,50-60,Male,Allowed
2025-04-14 01:44:36,50-60,Male,Allowed
2025-04-14 01:44:36,30-39,Male,Allowed
2025-04-14 01:44:37,50-60,Male,Allowed
2025-04-14 01:44:37,30-39,Male,Allowed
2025-04-14 01:44:37,40-49,Male,Allowed
2025-04-14 01:44:37,40-49,Male,Allowed
2025-04-14 01:44:37,30-39,Male,Allowed
2025-04-14 01:44:37,40-49,Male,Allowed
2025-04-14 01:44:37,30-39,Male,Allowed
2025-04-14 01:44:38,30-39,Male,Allowed
2025-04-14 01:44:38,30-39,Male,Allowed
2025-04-14 01:44:38,30-39,Male,Allowed
2025-04-14 01:44:38,30-39,Male,Allowed
2025-04-14 01:44:38,30-39,Male,Allowed
2025-04-14 01:44:38,50-60,Male,Allowed
2025-04-14 01:44:38,30-39,Male,Allowed
2025-04-14 01:44:39,50-60,Male,Allowed
2025-04-14 01:44:39,30-39,Male,Allowed
2025-04-14 01:44:39,50-60,Male,Allowed
2025-04-14 01:44:39,40-49,Male,Allowed
2025-04-14 01:44:39,50-60,Male,Allowed
2025-04-14 01:44:39,50-60,Male,Allowed
2025-04-14 01:44:39,20-29,Male,Allowed
2025-04-14 01:44:40,30-39,Male,Allowed
2025-04-14 01:44:40,30-39,Male,Allowed
2025-04-14 01:44:40,0-12,Male,Not Allowed
2025-04-14 01:44:40,50-60,Male,Allowed
2025-04-14 01:44:40,50-60,Male,Allowed
2025-04-14 01:44:40,20-29,Male,Allowed
2025-04-14 01:44:40,20-29,Male,Allowed
2025-04-14 01:44:41,50-60,Male,Allowed
2025-04-14 01:44:41,20-29,Male,Allowed
2025-04-14 01:44:41,50-60,Male,Allowed
2025-04-14 01:44:41,50-60,Male,Allowed
2025-04-14 01:44:41,20-29,Male,Allowed
2025-04-14 01:44:41,0-12,Male,Not Allowed
2025-04-14 01:44:42,50-60,Male,Allowed
2025-04-14 01:44:42,30-39,Male,Allowed
2025-04-14 01:44:42,30-39,Male,Allowed
2025-04-14 01:44:42,30-39,Male,Allowed
2025-04-14 01:44:42,30-39,Male,Allowed
2025-04-14 01:44:42,50-60,Male,Allowed
2025-04-14 01:44:42,40-49,Male,Allowed
2025-04-14 01:44:42,30-39,Male,Allowed
2025-04-14 01:44:43,30-39,Male,Allowed
2025-04-14 01:44:43,30-39,Male,Allowed
2025-04-14 01:44:43,0-12,Male,Not Allowed
2025-04-14 01:44:43,30-39,Male,Allowed
2025-04-14 01:44:43,30-39,Male,Allowed
2025-04-14 01:44:43,30-39,Male,Allowed
2025-04-14 01:44:43,30-39,Male,Allowed
2025-04-14 01:44:44,30-39,Male,Allowed
2025-04-14 01:44:44,30-39,Male,Allowed
2025-04-14 01:44:44,30-39,Male,Allowed
2025-04-14 01:44:44,30-39,Male,Allowed
2025-04-14 01:44:44,30-39,Male,Allowed
2025-04-14 01:44:44,30-39,Male,Allowed
2025-04-14 01:44:44,30-39,Male,Allowed
2025-04-14 01:44:45,30-39,Male,Allowed
2025-04-14 01:44:45,30-39,Male,Allowed
2025-04-14 01:44:45,30-39,Male,Allowed
2025-04-14 01:44:45,30-39,Male,Allowed
2025-04-14 01:44:45,30-39,Male,Allowed
2025-04-14 01:44:45,30-39,Male,Allowed
2025-04-14 01:44:45,30-39,Male,Allowed
2025-04-14 01:44:45,30-39,Male,Allowed
2025-04-14 01:44:46,30-39,Male,Allowed
2025-04-14 01:44:46,30-39,Male,Allowed
2025-04-14 01:44:46,30-39,Male,Allowed
2025-04-14 01:44:46,20-29,Male,Allowed
2025-04-14 01:44:46,20-29,Male,Allowed
2025-04-14 01:44:46,20-29,Male,Allowed
2025-04-14 01:44:46,20-29,Male,Allowed
2025-04-14 01:44:47,20-29,Female,Allowed
2025-04-14 01:44:47,20-29,Female,Allowed
2025-04-14 01:44:47,20-29,Female,Allowed
2025-04-14 01:44:47,20-29,Male,Allowed
2025-04-14 01:44:47,20-29,Male,Allowed
2025-04-14 01:44:47,20-29,Male,Allowed
2025-04-14 01:44:47,20-29,Male,Allowed
2025-04-14 01:44:48,20-29,Male,Allowed
2025-04-14 01:44:48,20-29,Male,Allowed
2025-04-14 01:44:48,20-29,Male,Allowed
2025-04-14 01:44:48,20-29,Male,Allowed
2025-04-14 01:44:48,20-29,Male,Allowed
2025-04-14 01:44:48,20-29,Male,Allowed
2025-04-14 01:44:48,20-29,Male,Allowed
2025-04-14 01:44:49,30-39,Male,Allowed
2025-04-14 01:44:49,20-29,Male,Allowed
2025-04-14 01:44:49,30-39,Male,Allowed
2025-04-14 01:44:49,20-29,Male,Allowed
2025-04-14 01:44:49,30-39,Male,Allowed
2025-04-14 01:44:49,20-29,Male,Allowed
2025-04-14 01:44:49,30-39,Male,Allowed
2025-04-14 01:44:49,30-39,Male,Allowed
2025-04-14 01:44:49,20-29,Male,Allowed
2025-04-14 01:44:50,30-39,Male,Allowed
2025-04-14 01:44:50,30-39,Male,Allowed
2025-04-14 01:44:50,20-29,Male,Allowed
2025-04-14 01:44:50,40-49,Male,Allowed
2025-04-14 01:44:50,20-29,Male,Allowed
2025-04-14 01:44:50,20-29,Male,Allowed
2025-04-14 01:44:50,30-39,Male,Allowed
2025-04-14 01:44:50,40-49,Male,Allowed
2025-04-14 01:44:51,30-39,Male,Allowed
2025-04-14 01:44:51,30-39,Male,Allowed
2025-04-14 01:44:51,30-39,Male,Allowed
2025-04-14 01:44:51,40-49,Male,Allowed
2025-04-14 01:44:51,30-39,Male,Allowed
2025-04-14 01:44:51,40-49,Male,Allowed
2025-04-14 01:44:51,30-39,Male,Allowed
2025-04-14 01:44:51,40-49,Male,Allowed
2025-04-14 01:44:51,30-39,Male,Allowed
2025-04-14 01:44:51,40-49,Male,Allowed
2025-04-14 01:44:52,30-39,Male,Allowed
2025-04-14 01:44:52,30-39,Male,Allowed
2025-04-14 01:44:52,20-29,Male,Allowed
2025-04-14 01:44:52,20-29,Male,Allowed
2025-04-14 01:44:53,20-29,Male,Allowed
2025-04-14 01:44:53,30-39,Male,Allowed
2025-04-14 01:44:53,20-29,Male,Allowed
2025-04-14 01:44:53,20-29,Male,Allowed
2025-04-14 01:44:53,30-39,Male,Allowed
2025-04-14 01:44:53,30-39,Male,Allowed
2025-04-14 01:44:53,20-29,Male,Allowed
2025-04-14 01:44:53,20-29,Male,Allowed
2025-04-14 01:44:54,20-29,Male,Allowed
2025-04-14 01:44:54,20-29,Male,Allowed
2025-04-14 01:44:54,20-29,Male,Allowed
2025-04-14 01:44:54,20-29,Male,Allowed
2025-04-14 01:44:54,30-39,Male,Allowed
2025-04-14 01:44:54,20-29,Male,Allowed
2025-04-14 01:44:54,30-39,Male,Allowed
2025-04-14 01:44:55,30-39,Male,Allowed
2025-04-14 01:44:55,30-39,Male,Allowed
2025-04-14 01:44:55,13-19,Male,Allowed
2025-04-14 01:44:55,30-39,Male,Allowed
2025-04-14 01:44:55,20-29,Male,Allowed
2025-04-14 01:44:55,30-39,Male,Allowed
2025-04-14 01:44:55,20-29,Male,Allowed
2025-04-14 01:44:56,30-39,Male,Allowed
2025-04-14 01:44:56,30-39,Male,Allowed
2025-04-14 01:44:56,30-39,Male,Allowed
2025-04-14 01:44:56,30-39,Male,Allowed
2025-04-14 01:44:56,30-39,Male,Allowed
2025-04-14 01:44:56,30-39,Male,Allowed
2025-04-14 01:44:56,30-39,Male,Allowed
2025-04-14 01:44:57,30-39,Male,Allowed
2025-04-14 01:44:57,40-49,Male,Allowed
2025-04-14 01:44:57,40-49,Male,Allowed
2025-04-14 01:44:57,40-49,Male,Allowed
2025-04-14 01:44:57,40-49,Male,Allowed
2025-04-14 01:44:57,30-39,Male,Allowed
2025-04-14 01:44:57,30-39,Male,Allowed
2025-04-14 01:44:58,30-39,Male,Allowed
2025-04-14 01:44:58,30-39,Male,Allowed
2025-04-14 01:44:58,30-39,Male,Allowed
2025-04-14 01:44:58,50-60,Male,Allowed
2025-04-14 01:44:58,30-39,Male,Allowed
2025-04-14 01:44:58,50-60,Male,Allowed
2025-04-14 01:44:58,40-49,Male,Allowed
2025-04-14 01:44:59,50-60,Male,Allowed
2025-04-14 01:44:59,50-60,Male,Allowed
2025-04-14 01:44:59,40-49,Male,Allowed
2025-04-14 01:44:59,40-49,Male,Allowed
2025-04-14 01:44:59,40-49,Male,Allowed
2025-04-14 01:44:59,40-49,Male,Allowed
2025-04-14 01:44:59,30-39,Male,Allowed
2025-04-14 01:44:59,50-60,Male,Allowed
2025-04-14 01:45:00,20-29,Male,Allowed
2025-04-14 01:45:00,20-29,Male,Allowed
2025-04-14 01:45:00,30-39,Male,Allowed
2025-04-14 01:45:00,30-39,Male,Allowed
2025-04-14 01:45:00,30-39,Male,Allowed
2025-04-14 01:45:00,30-39,Male,Allowed
2025-04-14 01:45:00,20-29,Male,Allowed
2025-04-14 01:45:01,40-49,Male,Allowed
2025-04-14 01:45:01,40-49,Male,Allowed
2025-04-14 01:45:01,40-49,Male,Allowed
2025-04-14 01:45:01,30-39,Male,Allowed
2025-04-14 01:45:01,40-49,Male,Allowed
2025-04-14 01:45:01,20-29,Male,Allowed
2025-04-14 01:45:01,20-29,Male,Allowed
2025-04-14 01:45:02,20-29,Male,Allowed
2025-04-14 01:45:02,20-29,Male,Allowed
2025-04-14 01:45:02,20-29,Male,Allowed
2025-04-14 01:45:02,20-29,Male,Allowed
2025-04-14 01:45:02,20-29,Male,Allowed
2025-04-14 01:45:02,20-29,Male,Allowed
2025-04-14 01:45:02,20-29,Male,Allowed
2025-04-14 01:45:03,30-39,Male,Allowed
2025-04-14 01:45:04,30-39,Male,Allowed
2025-04-14 01:45:09,50-60,Male,Allowed
2025-04-14 01:45:09,50-60,Female,Allowed
2025-04-14 01:45:10,0-12,Male,Not Allowed
2025-04-14 01:45:10,0-12,Male,Not Allowed
2025-04-14 01:45:10,20-29,Male,Allowed
2025-04-14 01:45:11,30-39,Male,Allowed
2025-04-14 01:45:11,30-39,Male,Allowed
2025-04-14 01:45:11,30-39,Male,Allowed
2025-04-14 01:45:11,30-39,Male,Allowed
2025-04-14 01:45:11,30-39,Male,Allowed
2025-04-14 01:45:11,30-39,Male,Allowed
2025-04-14 01:45:12,30-39,Male,Allowed
2025-04-14 01:45:12,30-39,Male,Allowed
2025-04-14 01:45:12,30-39,Male,Allowed
2025-04-14 01:45:12,30-39,Male,Allowed
2025-04-14 01:45:12,30-39,Male,Allowed
2025-04-14 01:45:12,30-39,Male,Allowed
2025-04-14 01:45:12,30-39,Male,Allowed
2025-04-14 01:45:13,30-39,Male,Allowed
2025-04-14 01:45:13,30-39,Male,Allowed
2025-04-14 01:45:13,30-39,Male,Allowed
2025-04-14 01:45:14,0-12,Male,Not Allowed
2025-04-14 01:45:14,30-39,Female,Allowed
2025-04-14 01:45:14,30-39,Male,Allowed
2025-04-14 01:45:14,20-29,Male,Allowed
2025-04-14 01:45:14,30-39,Male,Allowed
2025-04-14 01:45:15,30-39,Male,Allowed
2025-04-14 01:45:15,30-39,Male,Allowed
2025-04-14 01:45:15,30-39,Male,Allowed
2025-04-14 01:45:15,30-39,Male,Allowed
2025-04-14 01:45:15,30-39,Male,Allowed
2025-04-14 01:45:15,20-29,Male,Allowed
2025-04-14 01:45:16,20-29,Male,Allowed
2025-04-14 01:45:16,20-29,Male,Allowed
2025-04-14 01:45:16,20-29,Male,Allowed
2025-04-14 01:45:16,20-29,Male,Allowed
2025-04-14 01:45:16,20-29,Male,Allowed
2025-04-14 01:45:17,20-29,Male,Allowed
2025-04-14 01:45:17,20-29,Male,Allowed
